timestamp,bid,ask,ask_volume,bid_volume,Close,High,Low,Open,Volume,bid_ask_spread,order_book_depth,cumulative_price_volume,cumulative_volume,vwap
2025-07-24,116394.6,116394.7,2.202,0.136,118368.0,119535.453125,117247.96875,118770.984375,72627318560,0.09999999999126885,2.338,8596750443310080.0,72627318560,118368.0
2025-07-24,116394.6,116399.2,2.202,0.136,118368.0,119535.453125,117247.96875,118770.984375,72627318560,4.599999999991269,2.338,1.719350088662016e+16,145254637120,118368.0
2025-07-24,116394.8,116399.2,2.202,0.136,118368.0,119535.453125,117247.96875,118770.984375,72627318560,4.399999999994179,2.338,2.579025132993024e+16,217881955680,118368.0
2025-07-24,116394.8,116399.1,2.202,0.136,118368.0,119535.453125,117247.96875,118770.984375,72627318560,4.30000000000291,2.338,3.438700177324032e+16,290509274240,118368.0
2025-07-24,116399.0,116399.1,2.202,0.136,118368.0,119535.453125,117247.96875,118770.984375,72627318560,0.10000000000582077,2.338,4.29837522165504e+16,363136592800,118368.0
2025-07-24,116394.7,116399.1,2.202,0.136,118368.0,119535.453125,117247.96875,118770.984375,72627318560,4.400000000008731,2.338,5.158050265986048e+16,435763911360,118368.0
2025-07-24,116398.6,116399.1,2.202,0.136,118368.0,119535.453125,117247.96875,118770.984375,72627318560,0.5,2.338,6.017725310317056e+16,508391229920,118368.0
2025-07-24,116398.6,116399.0,2.202,0.136,118368.0,119535.453125,117247.96875,118770.984375,72627318560,0.39999999999417923,2.338,6.877400354648064e+16,581018548480,118368.0
2025-07-24,116398.6,116398.7,2.202,0.136,118368.0,119535.453125,117247.96875,118770.984375,72627318560,0.09999999999126885,2.338,7.737075398979072e+16,653645867040,118368.0
2025-07-24,116375.0,116398.7,2.202,0.136,118368.0,119535.453125,117247.96875,118770.984375,72627318560,23.69999999999709,2.338,8.59675044331008e+16,726273185600,118368.0
2025-07-24,116375.0,116398.6,2.202,0.136,118368.0,119535.453125,117247.96875,118770.984375,72627318560,23.60000000000582,2.338,9.456425487641088e+16,798900504160,118368.0
2025-07-24,116375.0,116375.1,2.202,0.136,118368.0,119535.453125,117247.96875,118770.984375,72627318560,0.10000000000582077,2.338,1.0316100531972096e+17,871527822720,118368.0
2025-07-24,116367.2,116375.1,2.202,0.136,118368.0,119535.453125,117247.96875,118770.984375,72627318560,7.900000000008731,2.338,1.1175775576303104e+17,944155141280,118368.0
2025-07-24,116375.0,116375.1,2.202,0.136,118368.0,119535.453125,117247.96875,118770.984375,72627318560,0.10000000000582077,2.338,1.2035450620634112e+17,1016782459840,118368.0
2025-07-24,116375.0,116387.4,2.202,0.136,118368.0,119535.453125,117247.96875,118770.984375,72627318560,12.39999999999418,2.338,1.289512566496512e+17,1089409778400,118368.0
2025-07-24,116375.0,116400.1,2.202,0.136,118368.0,119535.453125,117247.96875,118770.984375,72627318560,25.10000000000582,2.338,1.3754800709296128e+17,1162037096960,118368.0
2025-07-24,116394.1,116400.1,2.202,0.136,118368.0,119535.453125,117247.96875,118770.984375,72627318560,6.0,2.338,1.4614475753627136e+17,1234664415520,118368.0
2025-07-24,116400.0,116400.1,2.202,0.136,118368.0,119535.453125,117247.96875,118770.984375,72627318560,0.10000000000582077,2.338,1.5474150797958144e+17,1307291734080,118368.0
2025-07-24,116400.0,116410.1,2.202,0.136,118368.0,119535.453125,117247.96875,118770.984375,72627318560,10.10000000000582,2.338,1.6333825842289152e+17,1379919052640,118368.0
2025-07-24,116410.0,116410.1,2.202,0.136,118368.0,119535.453125,117247.96875,118770.984375,72627318560,0.10000000000582077,2.338,1.719350088662016e+17,1452546371200,118368.0
2025-07-24,116410.0,116412.4,2.202,0.136,118368.0,119535.453125,117247.96875,118770.984375,72627318560,2.3999999999941792,2.338,1.8053175930951168e+17,1525173689760,118368.0
2025-07-24,116410.1,116412.4,2.202,0.136,118368.0,119535.453125,117247.96875,118770.984375,72627318560,2.2999999999883585,2.338,1.8912850975282176e+17,1597801008320,118368.0
2025-07-24,116412.3,116412.4,2.202,0.136,118368.0,119535.453125,117247.96875,118770.984375,72627318560,0.09999999999126885,2.338,1.9772526019613184e+17,1670428326880,118368.0
2025-07-24,116412.3,116425.0,2.202,0.136,118368.0,119535.453125,117247.96875,118770.984375,72627318560,12.69999999999709,2.338,2.0632201063944192e+17,1743055645440,118368.0
2025-07-24,116412.3,116437.2,2.202,0.136,118368.0,119535.453125,117247.96875,118770.984375,72627318560,24.89999999999418,2.338,2.14918761082752e+17,1815682964000,118368.0
2025-07-24,116423.9,116437.2,2.202,0.136,118368.0,119535.453125,117247.96875,118770.984375,72627318560,13.30000000000291,2.338,2.2351551152606208e+17,1888310282560,118368.0
2025-07-24,116433.7,116437.2,2.202,0.136,118368.0,119535.453125,117247.96875,118770.984375,72627318560,3.5,2.338,2.3211226196937216e+17,1960937601120,118368.0
2025-07-24,116437.1,116437.2,2.202,0.136,118368.0,119535.453125,117247.96875,118770.984375,72627318560,0.09999999999126885,2.338,2.4070901241268224e+17,2033564919680,118368.0
2025-07-24,116436.4,116437.2,2.202,0.136,118368.0,119535.453125,117247.96875,118770.984375,72627318560,0.8000000000029104,2.338,2.4930576285599232e+17,2106192238240,118368.0
2025-07-24,116437.1,116437.2,2.202,0.136,118368.0,119535.453125,117247.96875,118770.984375,72627318560,0.09999999999126885,2.338,2.579025132993024e+17,2178819556800,118368.0
2025-07-24,116429.1,116437.2,2.202,0.136,118368.0,119535.453125,117247.96875,118770.984375,72627318560,8.099999999991269,2.338,2.6649926374261248e+17,2251446875360,118368.0
2025-07-24,116437.1,116437.2,2.202,0.136,118368.0,119535.453125,117247.96875,118770.984375,72627318560,0.09999999999126885,2.338,2.7509601418592256e+17,2324074193920,118368.0
2025-07-24,116429.1,116437.2,2.202,0.136,118368.0,119535.453125,117247.96875,118770.984375,72627318560,8.099999999991269,2.338,2.8369276462923264e+17,2396701512480,118368.0
2025-07-24,116437.1,116437.2,2.202,0.136,118368.0,119535.453125,117247.96875,118770.984375,72627318560,0.09999999999126885,2.338,2.922895150725427e+17,2469328831040,118368.0
2025-07-24,116429.1,116437.2,2.202,0.136,118368.0,119535.453125,117247.96875,118770.984375,72627318560,8.099999999991269,2.338,3.008862655158528e+17,2541956149600,118368.0
2025-07-24,116429.1,116437.1,2.202,0.136,118368.0,119535.453125,117247.96875,118770.984375,72627318560,8.0,2.338,3.094830159591629e+17,2614583468160,118368.0
2025-07-24,116429.1,116436.5,2.202,0.136,118368.0,119535.453125,117247.96875,118770.984375,72627318560,7.399999999994179,2.338,3.1807976640247296e+17,2687210786720,118368.0
2025-07-24,116429.1,116429.2,2.202,0.136,118368.0,119535.453125,117247.96875,118770.984375,72627318560,0.09999999999126885,2.338,3.2667651684578304e+17,2759838105280,118368.0
2025-07-24,116417.4,116429.2,2.202,0.136,118368.0,119535.453125,117247.96875,118770.984375,72627318560,11.80000000000291,2.338,3.352732672890931e+17,2832465423840,118368.0
2025-07-24,116417.4,116417.5,2.202,0.136,118368.0,119535.453125,117247.96875,118770.984375,72627318560,0.10000000000582077,2.338,3.438700177324032e+17,2905092742400,118368.0
2025-07-24,116417.4,116425.0,2.202,0.136,118368.0,119535.453125,117247.96875,118770.984375,72627318560,7.600000000005821,2.338,3.524667681757133e+17,2977720060960,118368.0
2025-07-24,116424.9,116425.0,2.202,0.136,118368.0,119535.453125,117247.96875,118770.984375,72627318560,0.10000000000582077,2.338,3.6106351861902336e+17,3050347379520,118368.0
2025-07-24,116417.4,116425.0,2.202,0.136,118368.0,119535.453125,117247.96875,118770.984375,72627318560,7.600000000005821,2.338,3.6966026906233344e+17,3122974698080,118368.0
2025-07-24,116417.4,116417.5,2.202,0.136,118368.0,119535.453125,117247.96875,118770.984375,72627318560,0.10000000000582077,2.338,3.782570195056435e+17,3195602016640,118368.0
2025-07-24,116417.4,116425.0,2.202,0.136,118368.0,119535.453125,117247.96875,118770.984375,72627318560,7.600000000005821,2.338,3.868537699489536e+17,3268229335200,118368.0
2025-07-24,116424.9,116425.0,2.202,0.136,118368.0,119535.453125,117247.96875,118770.984375,72627318560,0.10000000000582077,2.338,3.954505203922637e+17,3340856653760,118368.0
2025-07-24,116417.4,116425.0,2.202,0.136,118368.0,119535.453125,117247.96875,118770.984375,72627318560,7.600000000005821,2.338,4.0404727083557376e+17,3413483972320,118368.0
2025-07-24,116417.4,116424.9,2.202,0.136,118368.0,119535.453125,117247.96875,118770.984375,72627318560,7.5,2.338,4.1264402127888384e+17,3486111290880,118368.0
2025-07-24,116417.4,116417.5,2.202,0.136,118368.0,119535.453125,117247.96875,118770.984375,72627318560,0.10000000000582077,2.338,4.212407717221939e+17,3558738609440,118368.0
2025-07-24,116417.4,116424.9,2.202,0.136,118368.0,119535.453125,117247.96875,118770.984375,72627318560,7.5,2.338,4.29837522165504e+17,3631365928000,118368.0
2025-07-24,116424.8,116424.9,2.202,0.136,118368.0,119535.453125,117247.96875,118770.984375,72627318560,0.09999999999126885,2.338,4.384342726088141e+17,3703993246560,118368.0
2025-07-24,116417.4,116424.9,2.202,0.136,118368.0,119535.453125,117247.96875,118770.984375,72627318560,7.5,2.338,4.4703102305212416e+17,3776620565120,118368.0
2025-07-24,116417.4,116425.0,2.202,0.136,118368.0,119535.453125,117247.96875,118770.984375,72627318560,7.600000000005821,2.338,4.5562777349543424e+17,3849247883680,118368.0
2025-07-24,116417.4,116424.8,2.202,0.136,118368.0,119535.453125,117247.96875,118770.984375,72627318560,7.400000000008731,2.338,4.642245239387443e+17,3921875202240,118368.0
2025-07-24,116417.4,116425.0,2.202,0.136,118368.0,119535.453125,117247.96875,118770.984375,72627318560,7.600000000005821,2.338,4.728212743820544e+17,3994502520800,118368.0
2025-07-24,116417.4,116424.7,2.202,0.136,118368.0,119535.453125,117247.96875,118770.984375,72627318560,7.30000000000291,2.338,4.814180248253645e+17,4067129839360,118368.0
2025-07-24,116417.4,116417.5,2.202,0.136,118368.0,119535.453125,117247.96875,118770.984375,72627318560,0.10000000000582077,2.338,4.9001477526867456e+17,4139757157920,118368.0
2025-07-24,116417.4,116417.9,2.202,0.136,118368.0,119535.453125,117247.96875,118770.984375,72627318560,0.5,2.338,4.9861152571198464e+17,4212384476480,118368.0
2025-07-24,116417.8,116417.9,2.202,0.136,118368.0,119535.453125,117247.96875,118770.984375,72627318560,0.09999999999126885,2.338,5.072082761552947e+17,4285011795040,118368.0
2025-07-24,116417.8,116420.7,2.202,0.136,118368.0,119535.453125,117247.96875,118770.984375,72627318560,2.8999999999941792,2.338,5.158050265986048e+17,4357639113600,118368.0
2025-07-24,116417.9,116420.7,2.202,0.136,118368.0,119535.453125,117247.96875,118770.984375,72627318560,2.8000000000029104,2.338,5.244017770419149e+17,4430266432160,118368.0
2025-07-24,116420.6,116420.7,2.202,0.136,118368.0,119535.453125,117247.96875,118770.984375,72627318560,0.09999999999126885,2.338,5.3299852748522496e+17,4502893750720,118368.0
2025-07-24,116420.6,116422.2,2.202,0.136,118368.0,119535.453125,117247.96875,118770.984375,72627318560,1.5999999999912689,2.338,5.4159527792853504e+17,4575521069280,118368.0
2025-07-24,116420.6,116420.7,2.202,0.136,118368.0,119535.453125,117247.96875,118770.984375,72627318560,0.09999999999126885,2.338,5.501920283718451e+17,4648148387840,118368.0
2025-07-24,116420.6,116422.2,2.202,0.136,118368.0,119535.453125,117247.96875,118770.984375,72627318560,1.5999999999912689,2.338,5.587887788151552e+17,4720775706400,118368.0
2025-07-24,116420.8,116422.2,2.202,0.136,118368.0,119535.453125,117247.96875,118770.984375,72627318560,1.3999999999941792,2.338,5.673855292584653e+17,4793403024960,118368.0
2025-07-24,116422.1,116422.2,2.202,0.136,118368.0,119535.453125,117247.96875,118770.984375,72627318560,0.09999999999126885,2.338,5.7598227970177536e+17,4866030343520,118368.0
2025-07-24,116422.1,116425.6,2.202,0.136,118368.0,119535.453125,117247.96875,118770.984375,72627318560,3.5,2.338,5.845790301450854e+17,4938657662080,118368.0
2025-07-24,116422.2,116425.6,2.202,0.136,118368.0,119535.453125,117247.96875,118770.984375,72627318560,3.400000000008731,2.338,5.931757805883955e+17,5011284980640,118368.0
2025-07-24,116425.5,116425.6,2.202,0.136,118368.0,119535.453125,117247.96875,118770.984375,72627318560,0.10000000000582077,2.338,6.017725310317056e+17,5083912299200,118368.0
2025-07-24,116412.5,116425.6,2.202,0.136,118368.0,119535.453125,117247.96875,118770.984375,72627318560,13.10000000000582,2.338,6.103692814750157e+17,5156539617760,118368.0
2025-07-24,116412.5,116412.6,2.202,0.136,118368.0,119535.453125,117247.96875,118770.984375,72627318560,0.10000000000582077,2.338,6.189660319183258e+17,5229166936320,118368.0
2025-07-24,116412.5,116416.4,2.202,0.136,118368.0,119535.453125,117247.96875,118770.984375,72627318560,3.8999999999941792,2.338,6.275627823616358e+17,5301794254880,118368.0
2025-07-24,116416.1,116416.4,2.202,0.136,118368.0,119535.453125,117247.96875,118770.984375,72627318560,0.29999999998835847,2.338,6.361595328049459e+17,5374421573440,118368.0
2025-07-24,116416.1,116421.0,2.202,0.136,118368.0,119535.453125,117247.96875,118770.984375,72627318560,4.899999999994179,2.338,6.44756283248256e+17,5447048892000,118368.0
2025-07-24,116416.3,116419.1,2.202,0.136,118368.0,119535.453125,117247.96875,118770.984375,72627318560,2.8000000000029104,2.338,6.533530336915661e+17,5519676210560,118368.0
2025-07-24,116416.3,116421.0,2.202,0.136,118368.0,119535.453125,117247.96875,118770.984375,72627318560,4.69999999999709,2.338,6.619497841348762e+17,5592303529120,118368.0
2025-07-24,116419.0,116420.9,2.202,0.136,118368.0,119535.453125,117247.96875,118770.984375,72627318560,1.8999999999941792,2.338,6.705465345781862e+17,5664930847680,118368.0
2025-07-24,116415.9,116420.9,2.202,0.136,118368.0,119535.453125,117247.96875,118770.984375,72627318560,5.0,2.338,6.791432850214963e+17,5737558166240,118368.0
2025-07-24,116418.4,116420.9,2.202,0.136,118368.0,119535.453125,117247.96875,118770.984375,72627318560,2.5,2.338,6.877400354648064e+17,5810185484800,118368.0
2025-07-24,116418.4,116421.0,2.202,0.136,118368.0,119535.453125,117247.96875,118770.984375,72627318560,2.6000000000058208,2.338,6.963367859081165e+17,5882812803360,118368.0
2025-07-24,116416.0,116419.1,2.202,0.136,118368.0,119535.453125,117247.96875,118770.984375,72627318560,3.1000000000058208,2.338,7.049335363514266e+17,5955440121920,118368.0
2025-07-24,116419.0,116419.1,2.202,0.136,118368.0,119535.453125,117247.96875,118770.984375,72627318560,0.10000000000582077,2.338,7.135302867947366e+17,6028067440480,118368.0
2025-07-24,116416.0,116419.1,2.202,0.136,118368.0,119535.453125,117247.96875,118770.984375,72627318560,3.1000000000058208,2.338,7.221270372380467e+17,6100694759040,118368.0
2025-07-24,116412.6,116419.1,2.202,0.136,118368.0,119535.453125,117247.96875,118770.984375,72627318560,6.5,2.338,7.307237876813568e+17,6173322077600,118368.0
2025-07-24,116412.6,116421.0,2.202,0.136,118368.0,119535.453125,117247.96875,118770.984375,72627318560,8.39999999999418,2.338,7.393205381246669e+17,6245949396160,118368.0
2025-07-24,116412.5,116420.8,2.202,0.136,118368.0,119535.453125,117247.96875,118770.984375,72627318560,8.30000000000291,2.338,7.47917288567977e+17,6318576714720,118368.0
2025-07-24,116416.0,116420.8,2.202,0.136,118368.0,119535.453125,117247.96875,118770.984375,72627318560,4.80000000000291,2.338,7.56514039011287e+17,6391204033280,118368.0
2025-07-24,116416.0,116421.0,2.202,0.136,118368.0,119535.453125,117247.96875,118770.984375,72627318560,5.0,2.338,7.651107894545971e+17,6463831351840,118368.0
2025-07-24,116418.1,116418.5,2.202,0.136,118368.0,119535.453125,117247.96875,118770.984375,72627318560,0.39999999999417923,2.338,7.737075398979072e+17,6536458670400,118368.0
2025-07-24,116418.1,116419.1,2.202,0.136,118368.0,119535.453125,117247.96875,118770.984375,72627318560,1.0,2.338,7.823042903412173e+17,6609085988960,118368.0
2025-07-24,116418.1,116419.1,2.202,0.136,118368.0,119535.453125,117247.96875,118770.984375,72627318560,1.0,2.338,7.909010407845274e+17,6681713307520,118368.0
2025-07-24,116418.1,116420.9,2.202,0.136,118368.0,119535.453125,117247.96875,118770.984375,72627318560,2.7999999999883585,2.338,7.994977912278374e+17,6754340626080,118368.0
2025-07-24,116418.4,116420.9,2.202,0.136,118368.0,119535.453125,117247.96875,118770.984375,72627318560,2.5,2.338,8.080945416711475e+17,6826967944640,118368.0
2025-07-24,116416.1,116420.9,2.202,0.136,118368.0,119535.453125,117247.96875,118770.984375,72627318560,4.7999999999883585,2.338,8.166912921144576e+17,6899595263200,118368.0
2025-07-24,116412.5,116420.9,2.202,0.136,118368.0,119535.453125,117247.96875,118770.984375,72627318560,8.39999999999418,2.338,8.252880425577677e+17,6972222581760,118368.0
2025-07-24,116418.4,116420.9,2.202,0.136,118368.0,119535.453125,117247.96875,118770.984375,72627318560,2.5,2.338,8.338847930010778e+17,7044849900320,118368.0
2025-07-24,116418.4,116421.0,2.202,0.136,118368.0,119535.453125,117247.96875,118770.984375,72627318560,2.6000000000058208,2.338,8.424815434443878e+17,7117477218880,118368.0
2025-07-24,116412.5,116420.7,2.202,0.136,118368.0,119535.453125,117247.96875,118770.984375,72627318560,8.19999999999709,2.338,8.510782938876979e+17,7190104537440,118368.0
2025-07-24,116418.5,116420.7,2.202,0.136,118368.0,119535.453125,117247.96875,118770.984375,72627318560,2.1999999999970896,2.338,8.59675044331008e+17,7262731856000,118368.0
2025-07-24,116418.5,116421.0,2.202,0.136,118368.0,119535.453125,117247.96875,118770.984375,72627318560,2.5,2.338,8.682717947743181e+17,7335359174560,118368.0
2025-07-24,116418.1,116420.9,2.202,0.136,118368.0,119535.453125,117247.96875,118770.984375,72627318560,2.7999999999883585,2.338,8.768685452176282e+17,7407986493120,118368.0
2025-07-24,116418.6,116420.9,2.202,0.136,118368.0,119535.453125,117247.96875,118770.984375,72627318560,2.2999999999883585,2.338,8.854652956609382e+17,7480613811680,118368.0
2025-07-24,116418.1,116420.9,2.202,0.136,118368.0,119535.453125,117247.96875,118770.984375,72627318560,2.7999999999883585,2.338,8.940620461042483e+17,7553241130240,118368.0
2025-07-24,116419.0,116420.9,2.202,0.136,118368.0,119535.453125,117247.96875,118770.984375,72627318560,1.8999999999941792,2.338,9.026587965475584e+17,7625868448800,118368.0
2025-07-24,116419.0,116421.0,2.202,0.136,118368.0,119535.453125,117247.96875,118770.984375,72627318560,2.0,2.338,9.112555469908685e+17,7698495767360,118368.0
2025-07-24,116419.0,116419.1,2.202,0.136,118368.0,119535.453125,117247.96875,118770.984375,72627318560,0.10000000000582077,2.338,9.198522974341786e+17,7771123085920,118368.0
2025-07-24,116418.1,116419.1,2.202,0.136,118368.0,119535.453125,117247.96875,118770.984375,72627318560,1.0,2.338,9.284490478774886e+17,7843750404480,118368.0
2025-07-24,116418.1,116420.8,2.202,0.136,118368.0,119535.453125,117247.96875,118770.984375,72627318560,2.6999999999970896,2.338,9.370457983207987e+17,7916377723040,118368.0
2025-07-24,116418.1,116421.0,2.202,0.136,118368.0,119535.453125,117247.96875,118770.984375,72627318560,2.8999999999941792,2.338,9.456425487641088e+17,7989005041600,118368.0
2025-07-24,116418.1,116420.8,2.202,0.136,118368.0,119535.453125,117247.96875,118770.984375,72627318560,2.6999999999970896,2.338,9.542392992074189e+17,8061632360160,118368.0
2025-07-24,116418.1,116420.5,2.202,0.136,118368.0,119535.453125,117247.96875,118770.984375,72627318560,2.3999999999941792,2.338,9.62836049650729e+17,8134259678720,118368.0
2025-07-24,116418.1,116418.2,2.202,0.136,118368.0,119535.453125,117247.96875,118770.984375,72627318560,0.09999999999126885,2.338,9.71432800094039e+17,8206886997280,118368.0
2025-07-24,116418.1,116420.7,2.202,0.136,118368.0,119535.453125,117247.96875,118770.984375,72627318560,2.599999999991269,2.338,9.800295505373491e+17,8279514315840,118368.0
2025-07-24,116418.1,116420.4,2.202,0.136,118368.0,119535.453125,117247.96875,118770.984375,72627318560,2.2999999999883585,2.338,9.886263009806592e+17,8352141634400,118368.0
2025-07-24,116418.1,116420.7,2.202,0.136,118368.0,119535.453125,117247.96875,118770.984375,72627318560,2.599999999991269,2.338,9.972230514239693e+17,8424768952960,118368.0
2025-07-24,116418.1,116421.0,2.202,0.136,118368.0,119535.453125,117247.96875,118770.984375,72627318560,2.8999999999941792,2.338,1.0058198018672794e+18,8497396271520,118368.0
2025-07-24,116418.1,116421.0,2.202,0.136,118368.0,119535.453125,117247.96875,118770.984375,72627318560,2.8999999999941792,2.338,1.0144165523105894e+18,8570023590080,118368.0
2025-07-24,116418.1,116421.0,2.202,0.136,118368.0,119535.453125,117247.96875,118770.984375,72627318560,2.8999999999941792,2.338,1.0230133027538995e+18,8642650908640,118368.0
2025-07-24,116418.1,116421.0,2.202,0.136,118368.0,119535.453125,117247.96875,118770.984375,72627318560,2.8999999999941792,2.338,1.0316100531972096e+18,8715278227200,118368.0
2025-07-24,116418.1,116421.0,2.202,0.136,118368.0,119535.453125,117247.96875,118770.984375,72627318560,2.8999999999941792,2.338,1.0402068036405197e+18,8787905545760,118368.0
2025-07-24,116418.1,116421.0,2.202,0.136,118368.0,119535.453125,117247.96875,118770.984375,72627318560,2.8999999999941792,2.338,1.0488035540838298e+18,8860532864320,118368.0
2025-07-24,116418.1,116421.0,2.202,0.136,118368.0,119535.453125,117247.96875,118770.984375,72627318560,2.8999999999941792,2.338,1.0574003045271398e+18,8933160182880,118368.0
2025-07-24,116418.1,116421.0,2.202,0.136,118368.0,119535.453125,117247.96875,118770.984375,72627318560,2.8999999999941792,2.338,1.0659970549704499e+18,9005787501440,118368.0
2025-07-24,116418.1,116421.0,2.202,0.136,118368.0,119535.453125,117247.96875,118770.984375,72627318560,2.8999999999941792,2.338,1.07459380541376e+18,9078414820000,118368.0
2025-07-24,116418.1,116420.6,2.202,0.136,118368.0,119535.453125,117247.96875,118770.984375,72627318560,2.5,2.338,1.0831905558570701e+18,9151042138560,118368.0
2025-07-24,116418.1,116420.5,2.202,0.136,118368.0,119535.453125,117247.96875,118770.984375,72627318560,2.3999999999941792,2.338,1.0917873063003802e+18,9223669457120,118368.0
2025-07-24,116420.4,116420.5,2.202,0.136,118368.0,119535.453125,117247.96875,118770.984375,72627318560,0.10000000000582077,2.338,1.1003840567436902e+18,9296296775680,118368.0
2025-07-24,116420.1,116420.5,2.202,0.136,118368.0,119535.453125,117247.96875,118770.984375,72627318560,0.39999999999417923,2.338,1.1089808071870003e+18,9368924094240,118368.0
2025-07-24,116420.4,116420.5,2.202,0.136,118368.0,119535.453125,117247.96875,118770.984375,72627318560,0.10000000000582077,2.338,1.1175775576303104e+18,9441551412800,118368.0
2025-07-24,116418.4,116420.5,2.202,0.136,118368.0,119535.453125,117247.96875,118770.984375,72627318560,2.1000000000058208,2.338,1.1261743080736205e+18,9514178731360,118368.0
2025-07-24,116418.5,116420.5,2.202,0.136,118368.0,119535.453125,117247.96875,118770.984375,72627318560,2.0,2.338,1.1347710585169306e+18,9586806049920,118368.0
2025-07-24,116418.5,116420.4,2.202,0.136,118368.0,119535.453125,117247.96875,118770.984375,72627318560,1.8999999999941792,2.338,1.1433678089602406e+18,9659433368480,118368.0
2025-07-24,116418.5,116420.5,2.202,0.136,118368.0,119535.453125,117247.96875,118770.984375,72627318560,2.0,2.338,1.1519645594035507e+18,9732060687040,118368.0
2025-07-24,116420.4,116420.5,2.202,0.136,118368.0,119535.453125,117247.96875,118770.984375,72627318560,0.10000000000582077,2.338,1.1605613098468608e+18,9804688005600,118368.0
2025-07-24,116418.6,116420.5,2.202,0.136,118368.0,119535.453125,117247.96875,118770.984375,72627318560,1.8999999999941792,2.338,1.169158060290171e+18,9877315324160,118368.0
2025-07-24,116418.5,116420.5,2.202,0.136,118368.0,119535.453125,117247.96875,118770.984375,72627318560,2.0,2.338,1.177754810733481e+18,9949942642720,118368.0
2025-07-24,116418.5,116418.6,2.202,0.136,118368.0,119535.453125,117247.96875,118770.984375,72627318560,0.10000000000582077,2.338,1.186351561176791e+18,10022569961280,118368.0
2025-07-24,116418.5,116420.5,2.202,0.136,118368.0,119535.453125,117247.96875,118770.984375,72627318560,2.0,2.338,1.194948311620101e+18,10095197279840,118368.0
2025-07-24,116418.8,116420.5,2.202,0.136,118368.0,119535.453125,117247.96875,118770.984375,72627318560,1.6999999999970896,2.338,1.2035450620634112e+18,10167824598400,118368.0
2025-07-24,116420.3,116420.5,2.202,0.136,118368.0,119535.453125,117247.96875,118770.984375,72627318560,0.19999999999708962,2.338,1.2121418125067213e+18,10240451916960,118368.0
2025-07-24,116418.8,116420.5,2.202,0.136,118368.0,119535.453125,117247.96875,118770.984375,72627318560,1.6999999999970896,2.338,1.2207385629500314e+18,10313079235520,118368.0
2025-07-24,116420.4,116420.5,2.202,0.136,118368.0,119535.453125,117247.96875,118770.984375,72627318560,0.10000000000582077,2.338,1.2293353133933414e+18,10385706554080,118368.0
2025-07-24,116420.4,116422.8,2.202,0.136,118368.0,119535.453125,117247.96875,118770.984375,72627318560,2.400000000008731,2.338,1.2379320638366515e+18,10458333872640,118368.0
2025-07-24,116420.4,116422.7,2.202,0.136,118368.0,119535.453125,117247.96875,118770.984375,72627318560,2.3000000000029104,2.338,1.2465288142799616e+18,10530961191200,118368.0
2025-07-24,116418.8,116422.7,2.202,0.136,118368.0,119535.453125,117247.96875,118770.984375,72627318560,3.8999999999941792,2.338,1.2551255647232717e+18,10603588509760,118368.0
2025-07-24,116418.1,116422.7,2.202,0.136,118368.0,119535.453125,117247.96875,118770.984375,72627318560,4.599999999991269,2.338,1.2637223151665818e+18,10676215828320,118368.0
2025-07-24,116422.0,116422.7,2.202,0.136,118368.0,119535.453125,117247.96875,118770.984375,72627318560,0.6999999999970896,2.338,1.2723190656098918e+18,10748843146880,118368.0
2025-07-24,116422.2,116422.7,2.202,0.136,118368.0,119535.453125,117247.96875,118770.984375,72627318560,0.5,2.338,1.280915816053202e+18,10821470465440,118368.0
2025-07-24,116422.6,116422.7,2.202,0.136,118368.0,119535.453125,117247.96875,118770.984375,72627318560,0.09999999999126885,2.338,1.289512566496512e+18,10894097784000,118368.0
2025-07-24,116415.7,116422.7,2.202,0.136,118368.0,119535.453125,117247.96875,118770.984375,72627318560,7.0,2.338,1.298109316939822e+18,10966725102560,118368.0
2025-07-24,116415.8,116422.6,2.202,0.136,118368.0,119535.453125,117247.96875,118770.984375,72627318560,6.80000000000291,2.338,1.3067060673831322e+18,11039352421120,118368.0
2025-07-24,116415.9,116422.6,2.202,0.136,118368.0,119535.453125,117247.96875,118770.984375,72627318560,6.7000000000116415,2.338,1.3153028178264422e+18,11111979739680,118368.0
2025-07-24,116416.0,116422.6,2.202,0.136,118368.0,119535.453125,117247.96875,118770.984375,72627318560,6.600000000005821,2.338,1.3238995682697523e+18,11184607058240,118368.0
2025-07-24,116416.0,116419.7,2.202,0.136,118368.0,119535.453125,117247.96875,118770.984375,72627318560,3.6999999999970896,2.338,1.3324963187130624e+18,11257234376800,118368.0
2025-07-24,116416.0,116416.1,2.202,0.136,118368.0,119535.453125,117247.96875,118770.984375,72627318560,0.10000000000582077,2.338,1.3410930691563725e+18,11329861695360,118368.0
2025-07-24,116416.0,116419.7,2.202,0.136,118368.0,119535.453125,117247.96875,118770.984375,72627318560,3.6999999999970896,2.338,1.3496898195996826e+18,11402489013920,118368.0
2025-07-24,116416.0,116416.1,2.202,0.136,118368.0,119535.453125,117247.96875,118770.984375,72627318560,0.10000000000582077,2.338,1.3582865700429926e+18,11475116332480,118368.0
2025-07-24,116416.0,116419.7,2.202,0.136,118368.0,119535.453125,117247.96875,118770.984375,72627318560,3.6999999999970896,2.338,1.3668833204863027e+18,11547743651040,118368.0
2025-07-24,116419.6,116419.7,2.202,0.136,118368.0,119535.453125,117247.96875,118770.984375,72627318560,0.09999999999126885,2.338,1.3754800709296128e+18,11620370969600,118368.0
2025-07-24,116415.9,116419.7,2.202,0.136,118368.0,119535.453125,117247.96875,118770.984375,72627318560,3.8000000000029104,2.338,1.384076821372923e+18,11692998288160,118368.0
2025-07-24,116415.9,116419.7,2.202,0.136,118368.0,119535.453125,117247.96875,118770.984375,72627318560,3.8000000000029104,2.338,1.392673571816233e+18,11765625606720,118368.0
2025-07-24,116415.9,116416.1,2.202,0.136,118368.0,119535.453125,117247.96875,118770.984375,72627318560,0.20000000001164153,2.338,1.401270322259543e+18,11838252925280,118368.0
2025-07-24,116415.9,116419.7,2.202,0.136,118368.0,119535.453125,117247.96875,118770.984375,72627318560,3.8000000000029104,2.338,1.409867072702853e+18,11910880243840,118368.0
2025-07-24,116415.9,116416.1,2.202,0.136,118368.0,119535.453125,117247.96875,118770.984375,72627318560,0.20000000001164153,2.338,1.4184638231461632e+18,11983507562400,118368.0
2025-07-24,116415.9,116419.7,2.202,0.136,118368.0,119535.453125,117247.96875,118770.984375,72627318560,3.8000000000029104,2.338,1.4270605735894733e+18,12056134880960,118368.0
2025-07-24,116415.4,116416.0,2.202,0.136,118368.0,119535.453125,117247.96875,118770.984375,72627318560,0.6000000000058208,2.338,1.4356573240327834e+18,12128762199520,118368.0
2025-07-24,116415.4,116415.5,2.202,0.136,118368.0,119535.453125,117247.96875,118770.984375,72627318560,0.10000000000582077,2.338,1.4442540744760934e+18,12201389518080,118368.0
2025-07-24,116415.4,116416.0,2.202,0.136,118368.0,119535.453125,117247.96875,118770.984375,72627318560,0.6000000000058208,2.338,1.4528508249194035e+18,12274016836640,118368.0
2025-07-24,116415.9,116416.0,2.202,0.136,118368.0,119535.453125,117247.96875,118770.984375,72627318560,0.10000000000582077,2.338,1.4614475753627136e+18,12346644155200,118368.0
2025-07-24,116415.4,116416.0,2.202,0.136,118368.0,119535.453125,117247.96875,118770.984375,72627318560,0.6000000000058208,2.338,1.4700443258060237e+18,12419271473760,118368.0
2025-07-24,116415.9,116416.0,2.202,0.136,118368.0,119535.453125,117247.96875,118770.984375,72627318560,0.10000000000582077,2.338,1.4786410762493338e+18,12491898792320,118368.0
2025-07-24,116415.6,116416.0,2.202,0.136,118368.0,119535.453125,117247.96875,118770.984375,72627318560,0.39999999999417923,2.338,1.4872378266926438e+18,12564526110880,118368.0
2025-07-24,116415.6,116415.7,2.202,0.136,118368.0,119535.453125,117247.96875,118770.984375,72627318560,0.09999999999126885,2.338,1.495834577135954e+18,12637153429440,118368.0
2025-07-24,116415.4,116415.7,2.202,0.136,118368.0,119535.453125,117247.96875,118770.984375,72627318560,0.3000000000029104,2.338,1.504431327579264e+18,12709780748000,118368.0
2025-07-24,116415.4,116415.5,2.202,0.136,118368.0,119535.453125,117247.96875,118770.984375,72627318560,0.10000000000582077,2.338,1.513028078022574e+18,12782408066560,118368.0
2025-07-24,116412.5,116415.5,2.202,0.136,118368.0,119535.453125,117247.96875,118770.984375,72627318560,3.0,2.338,1.5216248284658842e+18,12855035385120,118368.0
2025-07-24,116412.5,116412.6,2.202,0.136,118368.0,119535.453125,117247.96875,118770.984375,72627318560,0.10000000000582077,2.338,1.5302215789091942e+18,12927662703680,118368.0
2025-07-24,116412.5,116424.9,2.202,0.136,118368.0,119535.453125,117247.96875,118770.984375,72627318560,12.39999999999418,2.338,1.5388183293525043e+18,13000290022240,118368.0
2025-07-24,116412.5,116437.2,2.202,0.136,118368.0,119535.453125,117247.96875,118770.984375,72627318560,24.69999999999709,2.338,1.5474150797958144e+18,13072917340800,118368.0
2025-07-24,116412.5,116437.5,2.202,0.136,118368.0,119535.453125,117247.96875,118770.984375,72627318560,25.0,2.338,1.5560118302391245e+18,13145544659360,118368.0
2025-07-24,116412.5,116449.2,2.202,0.136,118368.0,119535.453125,117247.96875,118770.984375,72627318560,36.69999999999709,2.338,1.5646085806824346e+18,13218171977920,118368.0
2025-07-24,116422.7,116449.2,2.202,0.136,118368.0,119535.453125,117247.96875,118770.984375,72627318560,26.5,2.338,1.5732053311257446e+18,13290799296480,118368.0
2025-07-24,116429.8,116449.2,2.202,0.136,118368.0,119535.453125,117247.96875,118770.984375,72627318560,19.39999999999418,2.338,1.5818020815690547e+18,13363426615040,118368.0
2025-07-24,116429.8,116449.1,2.202,0.136,118368.0,119535.453125,117247.96875,118770.984375,72627318560,19.30000000000291,2.338,1.5903988320123648e+18,13436053933600,118368.0
2025-07-24,116429.9,116449.1,2.202,0.136,118368.0,119535.453125,117247.96875,118770.984375,72627318560,19.20000000001164,2.338,1.598995582455675e+18,13508681252160,118368.0
2025-07-24,116449.0,116449.1,2.202,0.136,118368.0,119535.453125,117247.96875,118770.984375,72627318560,0.10000000000582077,2.338,1.607592332898985e+18,13581308570720,118368.0
2025-07-24,116449.0,116449.6,2.202,0.136,118368.0,119535.453125,117247.96875,118770.984375,72627318560,0.6000000000058208,2.338,1.616189083342295e+18,13653935889280,118368.0
2025-07-24,116449.5,116449.6,2.202,0.136,118368.0,119535.453125,117247.96875,118770.984375,72627318560,0.10000000000582077,2.338,1.624785833785605e+18,13726563207840,118368.0
2025-07-24,116449.5,116450.1,2.202,0.136,118368.0,119535.453125,117247.96875,118770.984375,72627318560,0.6000000000058208,2.338,1.6333825842289152e+18,13799190526400,118368.0
2025-07-24,116450.0,116450.1,2.202,0.136,118368.0,119535.453125,117247.96875,118770.984375,72627318560,0.10000000000582077,2.338,1.6419793346722253e+18,13871817844960,118368.0
2025-07-24,116450.0,116462.4,2.202,0.136,118368.0,119535.453125,117247.96875,118770.984375,72627318560,12.39999999999418,2.338,1.6505760851155354e+18,13944445163520,118368.0
2025-07-24,116450.0,116463.5,2.202,0.136,118368.0,119535.453125,117247.96875,118770.984375,72627318560,13.5,2.338,1.6591728355588454e+18,14017072482080,118368.0
2025-07-24,116450.0,116463.4,2.202,0.136,118368.0,119535.453125,117247.96875,118770.984375,72627318560,13.39999999999418,2.338,1.6677695860021555e+18,14089699800640,118368.0
2025-07-24,116457.2,116463.4,2.202,0.136,118368.0,119535.453125,117247.96875,118770.984375,72627318560,6.19999999999709,2.338,1.6763663364454656e+18,14162327119200,118368.0
2025-07-24,116457.2,116457.3,2.202,0.136,118368.0,119535.453125,117247.96875,118770.984375,72627318560,0.10000000000582077,2.338,1.6849630868887757e+18,14234954437760,118368.0
2025-07-24,116457.2,116465.3,2.202,0.136,118368.0,119535.453125,117247.96875,118770.984375,72627318560,8.10000000000582,2.338,1.6935598373320858e+18,14307581756320,118368.0
2025-07-24,116457.2,116465.2,2.202,0.136,118368.0,119535.453125,117247.96875,118770.984375,72627318560,8.0,2.338,1.7021565877753958e+18,14380209074880,118368.0
2025-07-24,116457.3,116465.2,2.202,0.136,118368.0,119535.453125,117247.96875,118770.984375,72627318560,7.899999999994179,2.338,1.710753338218706e+18,14452836393440,118368.0
2025-07-24,116457.4,116465.2,2.202,0.136,118368.0,119535.453125,117247.96875,118770.984375,72627318560,7.80000000000291,2.338,1.719350088662016e+18,14525463712000,118368.0
2025-07-24,116457.4,116465.1,2.202,0.136,118368.0,119535.453125,117247.96875,118770.984375,72627318560,7.7000000000116415,2.338,1.727946839105326e+18,14598091030560,118368.0
2025-07-24,116457.4,116465.0,2.202,0.136,118368.0,119535.453125,117247.96875,118770.984375,72627318560,7.600000000005821,2.338,1.7365435895486362e+18,14670718349120,118368.0
2025-07-24,116457.4,116464.9,2.202,0.136,118368.0,119535.453125,117247.96875,118770.984375,72627318560,7.5,2.338,1.7451403399919462e+18,14743345667680,118368.0
2025-07-24,116457.5,116464.9,2.202,0.136,118368.0,119535.453125,117247.96875,118770.984375,72627318560,7.399999999994179,2.338,1.7537370904352563e+18,14815972986240,118368.0
2025-07-24,116457.5,116464.8,2.202,0.136,118368.0,119535.453125,117247.96875,118770.984375,72627318560,7.30000000000291,2.338,1.7623338408785664e+18,14888600304800,118368.0
2025-07-24,116457.5,116464.9,2.202,0.136,118368.0,119535.453125,117247.96875,118770.984375,72627318560,7.399999999994179,2.338,1.7709305913218765e+18,14961227623360,118368.0
2025-07-24,116464.8,116464.9,2.202,0.136,118368.0,119535.453125,117247.96875,118770.984375,72627318560,0.09999999999126885,2.338,1.7795273417651866e+18,15033854941920,118368.0
2025-07-24,116464.8,116468.4,2.202,0.136,118368.0,119535.453125,117247.96875,118770.984375,72627318560,3.599999999991269,2.338,1.7881240922084966e+18,15106482260480,118368.0
2025-07-24,116464.9,116468.4,2.202,0.136,118368.0,119535.453125,117247.96875,118770.984375,72627318560,3.5,2.338,1.7967208426518067e+18,15179109579040,118368.0
2025-07-24,116468.3,116468.4,2.202,0.136,118368.0,119535.453125,117247.96875,118770.984375,72627318560,0.09999999999126885,2.338,1.8053175930951168e+18,15251736897600,118368.0
2025-07-24,116457.7,116468.4,2.202,0.136,118368.0,119535.453125,117247.96875,118770.984375,72627318560,10.69999999999709,2.338,1.813914343538427e+18,15324364216160,118368.0
2025-07-24,116457.7,116457.8,2.202,0.136,118368.0,119535.453125,117247.96875,118770.984375,72627318560,0.10000000000582077,2.338,1.822511093981737e+18,15396991534720,118368.0
2025-07-24,116451.3,116457.8,2.202,0.136,118368.0,119535.453125,117247.96875,118770.984375,72627318560,6.5,2.338,1.831107844425047e+18,15469618853280,118368.0
2025-07-24,116454.1,116457.8,2.202,0.136,118368.0,119535.453125,117247.96875,118770.984375,72627318560,3.6999999999970896,2.338,1.839704594868357e+18,15542246171840,118368.0
2025-07-24,116457.7,116457.8,2.202,0.136,118368.0,119535.453125,117247.96875,118770.984375,72627318560,0.10000000000582077,2.338,1.8483013453116672e+18,15614873490400,118368.0
2025-07-24,116450.0,116457.8,2.202,0.136,118368.0,119535.453125,117247.96875,118770.984375,72627318560,7.80000000000291,2.338,1.8568980957549773e+18,15687500808960,118368.0
2025-07-24,116450.0,116454.2,2.202,0.136,118368.0,119535.453125,117247.96875,118770.984375,72627318560,4.19999999999709,2.338,1.8654948461982874e+18,15760128127520,118368.0
2025-07-24,116450.0,116450.1,2.202,0.136,118368.0,119535.453125,117247.96875,118770.984375,72627318560,0.10000000000582077,2.338,1.8740915966415974e+18,15832755446080,118368.0
2025-07-24,116445.0,116450.1,2.202,0.136,118368.0,119535.453125,117247.96875,118770.984375,72627318560,5.100000000005821,2.338,1.8826883470849075e+18,15905382764640,118368.0
2025-07-24,116444.0,116450.1,2.202,0.136,118368.0,119535.453125,117247.96875,118770.984375,72627318560,6.100000000005821,2.338,1.8912850975282176e+18,15978010083200,118368.0
2025-07-24,116437.5,116450.1,2.202,0.136,118368.0,119535.453125,117247.96875,118770.984375,72627318560,12.60000000000582,2.338,1.8998818479715277e+18,16050637401760,118368.0
2025-07-24,116437.2,116450.1,2.202,0.136,118368.0,119535.453125,117247.96875,118770.984375,72627318560,12.900000000008731,2.338,1.9084785984148378e+18,16123264720320,118368.0
2025-07-24,116430.0,116450.1,2.202,0.136,118368.0,119535.453125,117247.96875,118770.984375,72627318560,20.10000000000582,2.338,1.9170753488581478e+18,16195892038880,118368.0
2025-07-24,116427.6,116450.1,2.202,0.136,118368.0,119535.453125,117247.96875,118770.984375,72627318560,22.5,2.338,1.925672099301458e+18,16268519357440,118368.0
2025-07-24,116425.0,116450.1,2.202,0.136,118368.0,119535.453125,117247.96875,118770.984375,72627318560,25.10000000000582,2.338,1.934268849744768e+18,16341146676000,118368.0
2025-07-24,116422.0,116450.1,2.202,0.136,118368.0,119535.453125,117247.96875,118770.984375,72627318560,28.10000000000582,2.338,1.942865600188078e+18,16413773994560,118368.0
2025-07-24,116418.9,116450.1,2.202,0.136,118368.0,119535.453125,117247.96875,118770.984375,72627318560,31.20000000001164,2.338,1.9514623506313882e+18,16486401313120,118368.0
2025-07-24,116418.9,116450.0,2.202,0.136,118368.0,119535.453125,117247.96875,118770.984375,72627318560,31.10000000000582,2.338,1.9600591010746982e+18,16559028631680,118368.0
2025-07-24,116419.0,116450.0,2.202,0.136,118368.0,119535.453125,117247.96875,118770.984375,72627318560,31.0,2.338,1.9686558515180083e+18,16631655950240,118368.0
2025-07-24,116419.0,116441.6,2.202,0.136,118368.0,119535.453125,117247.96875,118770.984375,72627318560,22.60000000000582,2.338,1.9772526019613184e+18,16704283268800,118368.0
2025-07-24,116419.0,116430.4,2.202,0.136,118368.0,119535.453125,117247.96875,118770.984375,72627318560,11.39999999999418,2.338,1.9858493524046285e+18,16776910587360,118368.0
2025-07-24,116419.1,116430.4,2.202,0.136,118368.0,119535.453125,117247.96875,118770.984375,72627318560,11.299999999988358,2.338,1.9944461028479386e+18,16849537905920,118368.0
2025-07-24,116419.1,116430.3,2.202,0.136,118368.0,119535.453125,117247.96875,118770.984375,72627318560,11.19999999999709,2.338,2.0030428532912486e+18,16922165224480,118368.0
2025-07-24,116419.0,116430.3,2.202,0.136,118368.0,119535.453125,117247.96875,118770.984375,72627318560,11.30000000000291,2.338,2.0116396037345587e+18,16994792543040,118368.0
2025-07-24,116419.2,116430.3,2.202,0.136,118368.0,119535.453125,117247.96875,118770.984375,72627318560,11.10000000000582,2.338,2.0202363541778688e+18,17067419861600,118368.0
2025-07-24,116419.2,116430.2,2.202,0.136,118368.0,119535.453125,117247.96875,118770.984375,72627318560,11.0,2.338,2.028833104621179e+18,17140047180160,118368.0
2025-07-24,116419.0,116430.2,2.202,0.136,118368.0,119535.453125,117247.96875,118770.984375,72627318560,11.19999999999709,2.338,2.037429855064489e+18,17212674498720,118368.0
2025-07-24,116419.3,116430.2,2.202,0.136,118368.0,119535.453125,117247.96875,118770.984375,72627318560,10.89999999999418,2.338,2.046026605507799e+18,17285301817280,118368.0
2025-07-24,116419.0,116430.2,2.202,0.136,118368.0,119535.453125,117247.96875,118770.984375,72627318560,11.19999999999709,2.338,2.054623355951109e+18,17357929135840,118368.0
2025-07-24,116419.4,116430.2,2.202,0.136,118368.0,119535.453125,117247.96875,118770.984375,72627318560,10.80000000000291,2.338,2.0632201063944192e+18,17430556454400,118368.0
2025-07-24,116419.0,116430.2,2.202,0.136,118368.0,119535.453125,117247.96875,118770.984375,72627318560,11.19999999999709,2.338,2.0718168568377293e+18,17503183772960,118368.0
2025-07-24,116419.5,116430.2,2.202,0.136,118368.0,119535.453125,117247.96875,118770.984375,72627318560,10.69999999999709,2.338,2.0804136072810394e+18,17575811091520,118368.0
2025-07-24,116419.5,116430.1,2.202,0.136,118368.0,119535.453125,117247.96875,118770.984375,72627318560,10.60000000000582,2.338,2.0890103577243494e+18,17648438410080,118368.0
2025-07-24,116419.5,116430.2,2.202,0.136,118368.0,119535.453125,117247.96875,118770.984375,72627318560,10.69999999999709,2.338,2.0976071081676595e+18,17721065728640,118368.0
2025-07-24,116419.0,116430.2,2.202,0.136,118368.0,119535.453125,117247.96875,118770.984375,72627318560,11.19999999999709,2.338,2.1062038586109696e+18,17793693047200,118368.0
2025-07-24,116419.6,116430.2,2.202,0.136,118368.0,119535.453125,117247.96875,118770.984375,72627318560,10.599999999991269,2.338,2.1148006090542797e+18,17866320365760,118368.0
2025-07-24,116419.6,116430.0,2.202,0.136,118368.0,119535.453125,117247.96875,118770.984375,72627318560,10.39999999999418,2.338,2.1233973594975898e+18,17938947684320,118368.0
2025-07-24,116419.0,116430.0,2.202,0.136,118368.0,119535.453125,117247.96875,118770.984375,72627318560,11.0,2.338,2.1319941099408998e+18,18011575002880,118368.0
2025-07-24,116419.7,116430.0,2.202,0.136,118368.0,119535.453125,117247.96875,118770.984375,72627318560,10.30000000000291,2.338,2.14059086038421e+18,18084202321440,118368.0
2025-07-24,116419.7,116419.8,2.202,0.136,118368.0,119535.453125,117247.96875,118770.984375,72627318560,0.10000000000582077,2.338,2.14918761082752e+18,18156829640000,118368.0
